Species ,Ave_CN_by Species _AVE_ITS_LSU ,Ave_CN_by Species_ITS_ONLY  ,ITS1_amplicon ,ITS2_amplicon,GC_ITS1,GC_ITS2,ITS1_length,ITS2_length
Amanita muscaria,30,31,ATTGAAAGAAACCTCAGGCAGGGGGAGGTGGTTGTAGCTGGCCCTTAGGGGCATGTGCACACCGTGTCTCTCTTGCTTGTTTCTTCATTCTCTCCACTTGTGCACTGCTTGTAGGCAGCCCTGGCATTGTTCAGGTTGTCTATGATTTTCTTTACATACATGAACACTTGTTGTACAGAATGTGATAAAAAATAGTAATACAACTTTCAACAACG,ATGCGATAAGTAATGTGAATTGCAGAATTCAGTGAATCATCGAATCTTTGAACGCATCTTGCGCTCCTTGGTATTCCGAGGAGCATGCCTGTTTGAGTGTCATTAAATTCTCTCAACTCATACACTTGAGTGTGTGTTTTGGATTGTGGGAGTGTCTGCTGGCTTTATGAGCCAGCTCTCCTGAAAGACATTAGCTTTGGGGGGGAGGTGCCAAGTCACTTCTGCCTTTCCATTGGTGTGATAGATGAATTAACTTATCTACGCCAGGAAAGCAGGCTGCAGGTGATGCACTGTGATCTCTCTCTGCTCTCTAATTGACATTTGTCTGATAACTTGAC,43.721,44.379,215,338
Boletus edulis,76,79,NA,NA,NA,NA,NA,NA
Cenococcum geophilum,15,17,ACAGAAAGTAAACGCGGATCAAACCGCGAACTTCTAAACCTTTGACGATCGACTCATGTTGCCTCGGCGGGTGCTCTCGCCAGAGGATACATCAAAACTCATGTTTTAACGGTGTTGTCTGAGCTACAAGCAACGAATCAAAACTTTCAACAACG,ATGCGATAAGTAGTGTGAATTGCAGAATTCAGTGAATCATCGAATCTTTGAACGCACATTGCGCCCCTTGGTATCCCGAGGGGCATGCCTGTTCGAGCGTCATTTCACCACTCAAGCCTGGCTTGGTGTTGGGCGACGTCCCCTTTGGGGACGCGCCTCGAAACGCTCGGCGGCGTGGCACCGGCTTTAAGCGTAGCAGAATCTTTCGCTTTGGAAGTCGGGGCCCCGTCTGCCGGAAGACCTATTCGCAAGGTTGAC,45.806,43.731,155,327
Gyrodon lividus,65,66,NA,NA,NA,NA,NA,NA
Hebeloma cylindrosporum,177,170,ATTGAATGAACTTGGTGTGGTTGTGCTGGCCCTCTCGGGGGCATGTGCTCACTCACCATTCTCATCTCTCCACCTGTGCACCTCTTGTAGACTTGGACTTGACTTTCCGAGGAAACTCGGTCGGGAGGACTGCTGGCAATTCTGCTGGCTGTCCTTGCATTTCCAAGCCTATGTTTTTCATATACCCCAATGTATGTAACAGAATGTATCATTAGGCCCTTGTGCCTATAAAACTTATACAACTTTCAGCAACG,ATGCGATAAGTAATGTGAATTGCAGAATTCAGTGAATCATCGAATCTTTGAACGCACCTTGCGCTCCTTGGTATTCCGAGGAGCATGCCTGTTTGAGTGTCATTAAATTCTCAACCTTTATCAACTTTTGCTGATAATTGGCTTGGATATGGGGGTCTTTTTGCTGGCTTCTTCACAGATGGTCAGCTCCCCTTAAATGCATTAGCCGGTGCCCCGCGTGGACTGTCTATTGGTGTGATAATTATCTACGCCGTGGACATCTGCAATCATATGGGTTTGCACTGCTTCCAACTGTCTGTTCATTCAGACAATACATGACAATTTGAC,47.244,43.731,254,327
Hydnum rufescens ,210,214,,NA,NA,NA,NA,NA
Laccaria amethystina,47,64,ATTGAATAAACCTGATGTGGCTGTTAGCTGGCTTTTCGAAGCATGTGCTCGTCCGTCATCTTTATCTCTCCACCTGTGCACATTTTGTAGTCTTGGATACCTCTCGAGGCAACTCGGATTTTAGGATCGCTGTGCTGTACAAGTCGGCTTTCCTTTCATTTCCAAGACTATGTTTTTATATACACCAAAGTATGTTTAAAGAATGTCATCAATAGGAACTTGTTTCCTATATAATTATACAACTTTCAGCAACG,"ATGCGATAAGTAATGTGAATTGCAGAATTCAGTGAATCATCGAATCTTTGAACGCACCTTGCGCTCCTTGGTATTCCGAGGAGCATGCCTGTTTGAGTGTCATTAAATTCTCAACCTTCCAGCTTTTTATAAGCTTGGTTAGGCTTGGATGTGGGGGTTGTGGGCTTCATTAATGAGGTCAGCTCTCCTTAAATGCATTAGCGGAACTTTTGTGGACCGTCTATTGGTGTGATAATTATCTACGCCGTGGATGTGAAGCAGTTTTATGAAGTTCAGCTTCTAACCGTCCATTGACTTGGACAATTTTGACAATTTGAC",39.37,42.138,254,318
Paxillus adelphus,70,94,NA,NA,NA,NA,NA,NA
Paxillus involutus ,71,69,ATCGAAAAGCAATCCGGGGGGGAGGCGACCGAGCGAAGTTTGGTAGATCGTAGGGATTGTCGCTGGCCTTTGGAAACGAAGGCATGTGCACGTTCCGAGTTCTCCTTAGTCCTCCTTTGCCTTTCCTTTGGAAAACCCTTTCTTCACACCCGTGCACCCATTGTAGGTCTCCGCGAGGGGATCTATGTCTTCACATAAACACTACGTATGTCTAGGAATGTATCTAAAAGCGTCGGACGGCTTGGCTTCGTGCCCGGTCGGCGACGGTAAAGAACCATAATACAACTTTCAGCAACG,TTGCGATAAGTAATGTGAATTGCAGATTTTCAGTGAATCATCGAATCTTTGAACGCACCTTGCGCTCCTTGGTATTCCGAGGAGCATGCCTGTTTGAGTGTCATTTAATTCTCAACCATCCCTCGATTCGTTTCGAGGGTTTGGCTTGGATTTTGGGGGCTGCCGGGCGACCCTAGGGTCTTCGGCTCTCCTTAAAAGCATTAGCGATGGCGGCGCGATCTAAccccccccATGCATGAACGGCCTTCGACGTGATAATGATCGTCGTGGCTGGAGTGTTGTTAGTGGGTGTCGTGAAGTCGGCGCTTCTAAAGACCTCGTCGAAAGACGAAAACTCGAAACTTGAC,51.515,50.432,297,347
Piloderma croceum ,71,72,ATTGAAATTATAGGCGAGGGTTGTAGCTGGCCTCTCGGGGCATGTGCACGCCTGAGCCCTTAATCCACACACACCTGTGAACCTATCGTAAGGGCCCGTAAAAAAGGCCTTTACGTCTTATCATCAACCCATCGTATGTCTCATAGAATGTAAATATATGTCCTCGCCTTAAACAGCGTTGATAAACTTATACAACTTTCAACAACG,ATGCGATAAGTAATGTGAATTGCAGATTTTCAGTGAATCATCGAATCTTTGAACGCACCTTGCGCTCCTTGGTATTCCGAGGAGCATGCCTGTTTGAGTGTCATTAAATTCTCAAACTCCGATCGATTTGTTTCGACTTCGGGGCTTGGATTTGGAGCGTGCTGGCGTCGGTCGGCTCCTCTTAAACGCATCAGCGGAATCTAACGTTCCGGACGTCAGTGTGATAATCACGTTGCGCTGTCTTTCGGTCCGAAAAGCCCGCTCACAATGGTCTTCGGACAACTTCATATCAAATTTGAC,44.444,47.333,207,300
Scleroderma citrinum,NA,64,ATCGAAATAGAACCTCTAGGGAGGGGGAGGGGGAGAGTCCTCGCGTCGCTCCTTCGAACCTTTCCGAGGCTTCATACCTCCCACACCCGTGTGCACCCGCTGTAGGTCCTTAGGGACCTATGTCTTCTCAGAACTCGCATGTCTACAGAATGTCGTCCGTGGCCTCGGCCATCGTAAACCTAGTACAACTTTCAGCAATG,TCGCGATAAGTAATGTGAATTGCAGATTTTCCGTGAATCATCGAATCTTTGAACGCACCTTGCGCTCCTCGGTATTCCGAGGAGCATGCCTGTTTGAGTGTCATCGAAATATCAAATCGAAGCTTTCGACCCCCGTCGGAGCTAGGTTTGGACCATGGGAGTCTGCGGGCGGGTCCCCTCCTGTCGGGAGGGGGACCTTCGGCTCTCCTCAAAAGCATTAGCGGCGTGTGCGAGCCTCGCACGGCACGGCCTCTTCGACGTCATAATGACCGTCGTGGGCTGGAAGTGCGTGGATCGCGTCGCTTTCCAACTCTGCGAGCCCGTCTCGGACGGGCCGCGCGTCATCGATGTTTGAC,55.000,57.584,200,356
Suillus americanus,137,139,AATGAATTTATAATCCGGCGAGATGAAGGACGAGGACTGTCGCTGGCCTTTCATCGAGGCATGTGCACGCTCTCTTCTGGACTTTCGCCGTATGGGCGCGGGGCCACCCGCGTCTTCATATACCTCTTCGTGTAGAAAGTCTTTGAATGTTTTTACAATCATCGAGTCGTGACTTCTAGGAGACGCGATTCTTTGAGACAAAAGTTATCACAACTTTCAGCAATG,TCGCGATATGTAATGTGAATTGCAGATCTACAGTGAATCATCGAATCTTTGAACGCACCTTGCGCTCCTCGGTGTTCCGAGGAGCATGCCTGTTTGAGCATCAGTAAATTCTCAACCCCTCTCGATTTGCTTCGAGTGGGGCTTGGATAGTGGGGGCTGCCGGAGACCTGGAATTCATTCTGGGACTCGGGCTCCTCTGAAATGCATCGGCTTGCGGTCGACTTTCGACTTTGCGCGACAAAGCTTTCGGCGTGATAATGATCGCCGTTCGCTGAAGCGCATCAATGAATGGTCCCGTGCCTCTAATCAGTCGACGCCTTCTGGGCGTCTTCCTTATAGACGTTTGAC,47.556,52.011,225,348
Suillus brevipes,156,146,"AATGAAATTATAATCCGGCGAGGGAAAGGCGGAGAGTTGTAGCTGGCCCCAGGGCATGTGCACGCTCTCTTCCGGACTTTCGCCGTATGGGCGCGGGGCGACCCGCGTCTTCATATACCTCTTCGTGTAGAAAGTCTTTGAATGTTATTACCATCATCGAGTCGCGACTTCTAGGAGACGCGATTCTTTGAGACAAAAGTTATTACAACTTTCAGCAACG",ATCGCGATATGTAATGTGAATTGCAGATCTACAGTGAATCATCGAATCTTTGAACGCACCTTGCGCTCCTCGGTGTTCCGAGGAGCATGCCTGTTTGAGTGTCAGTAAATTCTCAACCCCTCTCGATTTGCTTCGACAGGGTGCTTGGATGTTGGGGGCTGCCGGAGACACTGGACTCGTCCAGGACTCGGGCTCCTCTTAAATGAATCGGCTCGCGGTCGACTTTCGACTTTGCATGACAAGGCCTTTGGCGTGATAATGATCGCCGTTCGCCGAAGTGCAAGACAGAACGGTCCCGTGCCTCTAATGCGTCGACGCCTCTCGGGGCCGTCTTCCTCATTGACGTTTGAC,50.000,53.561,220,351
Suillus decipiens,69,69,ATCGAAATCACGATCCGGCGAGAGGAACGGAGCACGGTTGTCGCTGGTCCATCAAGGACATGTGCACGCTTTCTTCTCTACTCTCGCCGTATGGGCGCGGGGGAGGCCCGTccccccccGCGTCTTCATGCGCCCCTTCGTGTAGAAAGTCCTTGAATGTTTTTATCATCATCGAGTCGCGACTTCTAGGAGACGCGGTTCTTTGAGACAAAAGTTATCACAACTTTCAGCAATG,TCGCGATATGTAATGTGAATTGCAGATCTACAGTGAATCATCGAATCTTTGAACGCACCTTGCGCTCCTCGGTGTTCCGAGGAGCATGCCTGTTTGAGCGTCAGTAAATTCTCAACCCCTCTCGATTCACTTCGACCGGGCGCTTGGATCTTGGGGGCTTGCCAGAGACCTTCGGGACTCGGGCTCCCCTTAAATGCATCGGCTTGTGGGGTCGACCCCTCGACTTTGCGCGACAAGGCCTTCGGCGTGATAATGATCGCCGTTGGCTGAAGCGCATCAATCCGAGCCTCTAATCCGTCGACGCCTTTCTGGCGTCTTCCTCTTTGACGTTTGAC,54.043,54.627,235,335
Suillus granulatus,61,60,AACGAATTCACGATTCGGCGAGGGGGAAGGCCGAGGGTTGTAGCTGGCCTTTTTCAAAGAGGCACGTGCACGCTCTCTTCCCTAACTCTCGCCGTATGGGGCGCGGGGCGACCCGCGTCTTTCATCTCACCTCTTCGTGTAGAAAGTCTTTGAATGTTTTTACCATCATCGAGTCGCGACTTCTAGGAGACGCGATTCTTTGAGACAAAAGTTTATTACAACTTTCAGCAATG,TCGCGATATGTAATGTGAATTGCAGATCTACAGTGAATCATCGAATCTTTGAACGCACCTTGCGCTCCTCGGTGTTCCGAGGAGCATGCCTGTTCGAGCGTCAGTAAATTCTCAACCCCTCTCGATTTGCTTCGAGAGGGCGCTTGGATGCTGGGGGCTGCCGGAGACCTGGTTTCGTCCAGGACTCGGGCTCTCCTGAAATGTATCGGCTTGCGGTCGACCTTCGACTTTGCGCGACAAGGCCTTCGGCGTGATAATGATCGCCGTTCGCCGAAGCGCATGAATGAACCGTCCCGCGCCTCCAATCCGTCGACGCTTTCGAGCGTCTTCCTCATTGACGTTTGAC,50.644,55.491,233,346
Suillus hirtellus,43,43,AAAGAAATAATCTCGAGGGCCTTCGGAAAGGAGAGAGGGTTGTAGCTGGCGCAAGCAACGTGCACGCCCTCTTTCTCGACCTGGGTCCTTATGGGCGCGGGGAGACCCGCGTCTTCATAAGCCCCTTCGTGTAGAAAGTCTATGAATGTTTTTACCATCATCGACTCGCGACTTCTAGGAGACGCGATTCTTTGAGACAAAAGTTTATTACAACTTTCAGCAATG,ATCGCGATATGTAATGTGAATTGCAGATCTACAGTGAATCATCGAATCTTTGAACGCACCTTGCGCTTATCGGTGTTCCGATGAGCATGCCTGTTTGAGCGTCATTAAATTCTCAACCCCTCTCGATTTGCTTCGAGAGGGCGCTTGGATTGTGGAGGCTGCCGGAGACCTGTTTTTTCAGGACTCGGGCTCCTCTGAAATGTATTGGCTTGCGGTCGACTTTCGACTGTGCATGACAAGGCCTTTGGCGTGATAATGATCGCCGCTCGCCGAAGTGCACGAACGAACGGTCTCGTGCCTCTAATCAGTCGACGCCTTTTCGAAGGAGTCTTCCTTATCGACGTTTGAC,49.333,50.430,225,349
Suillus luteus,198,189,AATGAAATTATAATCCGGCGAGGGGAAAGGCGGAGAGTTGTAGCTGGCCTCCAGGGGCATGTGCACGCTCTCTTCCGGACCTTTCGCCGTATGGGCGCGGGGCGACCCGCGTCTTCATATACCTCTTCGTGTAGAAAGTCTTTGAATGTTTTACCATCATCGAGTCGCGACTTCTAGGAGACGCGATTCTTTGAGAAAAAAGTTATTACAACTTTCAGCAACG,AATCGCGATATGTAATGTGAATTGCAGATCTACAGTGAATCATCGAATCTTTGAACGCACCTTGCGCTCCTCGGTGTTCCGAGGAGCATGCCTGTTTGAGTGTCAGTAAATTCTCAACCCCTCTCGATTTGCTTCGAGCGGGTGCTTGGATGTTGGGGGCTGCCGGAGACACTGGATTCGTCCAGGACTCGGGCTCCTCTTAAATGAATCGGCTCGCGGTCGACTTTCGACTTTGCATGACAAGGCCTTTGGCGTGATAATGATCGCCGTTCGCCGAAGTGCAAGACAGAATGGTCCCGTGCCTCTAATGCGTCGACGCCTCTAGGGGCGTCTTCCTCATTGACGTTTGAC,50.224,52.707,223,351
Wilcoxina mikolae,123,125,AAAAGAAATTGGTTATACATTTCATGTATCAACTGTTTAAACCCATTCTGTGTACCTTGCCTGTTGCTTCCATGGAGCCTGACTTTGGTCACTCTTGTGATGTAAATCCCAAGGGAGTCCCCATGGAAGGTCATCAATAAAACTCATGTATCCAATTTCTTCTGTCTGAACTGTTTATAACAAATGTTAAAACTTTCAACAACG,GAAATGCGATAAGTAGTGTGAATTGCAGAATTCAGTGAATCATCGAATCTTTGAACGCACATTGCGCCTCCTGGTATTCCGGGAGGCATGCCTGTTCGAGCGTCATTAAATACCTCTCAAGCACCATTGCTTGGTCATGGAAGATGAGTATGCTTGCATTCTCCCTTCTGAAATTCAAAGGCGGATCATCTCATATTCCCTGGCGTAGTAAGTGTTTATCTTTCGCTTGGAGTGTGTGACAGTCTTGCCATCGACCCCCATTATTACAAGGTTGAC,37.255,45.290,204,276
Rhizopogon vinicolor,80,77,NA,NA,NA,NA,NA,NA